size,rv,sts,uve
4096,0.000066,0.000079,0.000084
8192,0.000072,0.000102,0.000106
16384,0.000073,0.000144,0.000150
32768,0.000066,0.000236,0.000237
